,number_of_transactions,time
0,10000,206.87365209999916
1,20000,206.2795954000012
2,30000,224.2775844000007
3,40000,213.3679847000003
4,50000,224.35603079999964
5,60000,238.73853009999948
