,number_of_transactions,time
0,10000,29.256690299953334
1,20000,39.65854699991178
2,30000,49.15984550002031
3,40000,55.68354289990384
4,50000,64.7945827000076
5,60000,72.07675739994738
